field	SNV	indel	dbnsfp	sourceGroup	pivotGroup	pivotChar	parseGroup	transformation	notes	toRemove
FATHMM_converted_rankscore	FALSE	FALSE	TRUE	1	1	|	NA	NA	NA	.
FATHMM_pred	FALSE	FALSE	TRUE	1	1	|	1	NA	NA	
FATHMM_score	FALSE	FALSE	TRUE	1	1	|	1	min	NA	.
LRT_converted_rankscore	FALSE	FALSE	TRUE	2	1	|	NA	NA	NA	.
LRT_Omega	FALSE	FALSE	TRUE	2	1	|	NA	NA	NA	
LRT_pred	FALSE	FALSE	TRUE	2	1	|	NA	NA	NA	
LRT_score	FALSE	FALSE	TRUE	2	1	|	NA	NA	NA	.
M_CAP_pred	FALSE	FALSE	TRUE	3	1	|	NA	NA	NA	
M_CAP_rankscore	FALSE	FALSE	TRUE	3	1	|	NA	NA	NA	.
M_CAP_score	FALSE	FALSE	TRUE	3	1	|	NA	NA	NA	.
Reliability_index	FALSE	FALSE	TRUE	4	1	|	NA	NA	NA	.
MetaLR_pred	FALSE	FALSE	TRUE	4a	1	|	NA	NA	NA	
MetaLR_rankscore	FALSE	FALSE	TRUE	4a	1	|	NA	NA	NA	.
MetaLR_score	FALSE	FALSE	TRUE	4a	1	|	NA	NA	NA	.
MetaSVM_pred	FALSE	FALSE	TRUE	4b	1	|	NA	NA	NA	
MetaSVM_rankscore	FALSE	FALSE	TRUE	4b	1	|	NA	NA	NA	.
MetaSVM_score	FALSE	FALSE	TRUE	4b	1	|	NA	NA	NA	.
MutationAssessor_pred	FALSE	FALSE	TRUE	5	1	|	NA	NA	NA	
MutationAssessor_score_rankscore	FALSE	FALSE	TRUE	5	1	|	NA	NA	NA	.
MutationAssessor_score	FALSE	FALSE	TRUE	5	1	|	NA	NA	NA	.
MutationAssessor_UniprotID	FALSE	FALSE	TRUE	5	1	|	NA	NA	NA	
MutationAssessor_variant	FALSE	FALSE	TRUE	5	1	|	NA	NA	NA	
MutationTaster_AAE	FALSE	FALSE	FALSE	6	1	|	NA	NA	changed dbnsfp to FALSE b/c previously parsed but not imported to db	
MutationTaster_converted_rankscore	FALSE	FALSE	TRUE	6	1	|	NA	NA	NA	.
MutationTaster_model	FALSE	FALSE	FALSE	6	1	|	NA	NA	changed dbnsfp to FALSE b/c previously parsed but not imported to db	
MutationTaster_pred	FALSE	FALSE	TRUE	6	1	|	2	pick_A	NA	
MutationTaster_score	FALSE	FALSE	TRUE	6	1	|	2	NA	NA	.
MutPred_AAchange	FALSE	FALSE	TRUE	7	1	|	NA	NA	NA	
MutPred_protID	FALSE	FALSE	TRUE	7	1	|	NA	NA	NA	
MutPred_rankscore	FALSE	FALSE	TRUE	7	1	|	NA	NA	NA	.
MutPred_score	FALSE	FALSE	TRUE	7	1	|	NA	NA	NA	.
MutPred_Top5features	FALSE	FALSE	FALSE	7	1	|	NA	NA	changed dbnsfp to FALSE b/c previously parsed but not imported to db	
Uniprot_id_Polyphen2	FALSE	FALSE	FALSE	8	1	|	NA	NA	changed dbnsfp to FALSE b/c previously parsed but not imported to db	
Uniprot_aapos_Polyphen2	FALSE	FALSE	FALSE	8	1	|	NA	NA	changed dbnsfp to FALSE b/c previously parsed but not imported to db	
Uniprot_acc_Polyphen2	FALSE	FALSE	FALSE	8	1	|	NA	NA	changed dbnsfp to FALSE b/c previously parsed but not imported to db	
Polyphen2_HDIV_pred	FALSE	FALSE	TRUE	8a	1	|	4	NA	NA	
Polyphen2_HDIV_rankscore	FALSE	FALSE	TRUE	8a	1	|	NA	NA	NA	.
Polyphen2_HDIV_score	FALSE	FALSE	TRUE	8a	1	|	4	max	NA	.
Polyphen2_HVAR_pred	FALSE	FALSE	TRUE	8b	1	|	5	NA	NA	
Polyphen2_HVAR_rankscore	FALSE	FALSE	TRUE	8b	1	|	NA	NA	NA	.
Polyphen2_HVAR_score	FALSE	FALSE	TRUE	8b	1	|	5	max	NA	.
PROVEAN_converted_rankscore	FALSE	FALSE	TRUE	10	1	|	NA	NA	NA	.
PROVEAN_pred	FALSE	FALSE	TRUE	10	1	|	3	NA	NA	
PROVEAN_score	FALSE	FALSE	TRUE	10	1	|	3	min	NA	.
REVEL_rankscore	FALSE	FALSE	TRUE	11	1	|	NA	NA	NA	.
REVEL_score	FALSE	FALSE	TRUE	11	1	|	NA	NA	NA	.
Transcript_id_VEST3	FALSE	FALSE	FALSE	12	1	|	NA	NA	changed dbnsfp to FALSE b/c previously parsed but not imported to db	
Transcript_var_VEST3	FALSE	FALSE	FALSE	12	1	|	NA	NA	changed dbnsfp to FALSE b/c previously parsed but not imported to db	
VEST3_rankscore	FALSE	FALSE	TRUE	12	1	|	NA	NA	NA	.
VEST3_score	FALSE	FALSE	TRUE	12	1	|	NA	max	NA	.
CADD_phred	TRUE	TRUE	FALSE	14	NA	NA	NA	NA	NA	.
CADD_raw	TRUE	TRUE	FALSE	14	NA	NA	NA	NA	NA	.
CADD_raw_rankscore	TRUE	FALSE	FALSE	14	NA	NA	NA	NA	NA	.
clinvar_clnsig	FALSE	FALSE	FALSE	15	NA	NA	NA	NA	changed SNV to FALSE b/c previously parsed but not imported to db	
clinvar_golden_stars	FALSE	FALSE	FALSE	15	NA	NA	NA	NA	changed SNV to FALSE b/c previously parsed but not imported to db	
clinvar_rs	FALSE	FALSE	FALSE	15	NA	NA	NA	NA	changed SNV to FALSE b/c previously parsed but not imported to db	
clinvar_trait	FALSE	FALSE	FALSE	15	NA	NA	NA	NA	changed SNV to FALSE b/c previously parsed but not imported to db	
DANN_rank_score	FALSE	FALSE	FALSE	16	NA	NA	NA	NA	NA	
DANN_score	TRUE	TRUE	FALSE	16	NA	NA	NA	NA	NA	
Eigen_coding_or_noncoding	FALSE	FALSE	FALSE	17	NA	NA	NA	NA	single value per vairant for SNVs. But indels have mutiple values and correspondence cannot be established with the raw score	
Eigen_PC_phred	FALSE	FALSE	FALSE	17	NA	NA	NA	NA	NA	
Eigen_PC_raw	TRUE	TRUE	FALSE	17	NA	NA	NA	max	NA	.
Eigen_phred	FALSE	FALSE	FALSE	17	NA	NA	NA	NA	NA	
Eigen_raw	TRUE	TRUE	FALSE	17	NA	NA	NA	max	NA	.
ENCODE_Dnase_cells	TRUE	TRUE	FALSE	18	NA	NA	NA	max	NA	.
ENCODE_Dnase_score	TRUE	TRUE	FALSE	18	NA	NA	NA	max	NA	.
ENCODE_TFBS	FALSE	FALSE	FALSE	19	NA	NA	NA	NA	NA	
ENCODE_TFBS_cells	FALSE	FALSE	FALSE	19	NA	NA	NA	NA	NA	
ENCODE_TFBS_score	TRUE	TRUE	FALSE	19	NA	NA	NA	max	NA	.
EnhancerFinder_brain_enhancer	TRUE	TRUE	FALSE	20	NA	NA	NA	pick_Y	NA	
EnhancerFinder_general_developmental_enhancer	TRUE	TRUE	FALSE	20	NA	NA	NA	pick_Y	NA	
EnhancerFinder_heart_enhancer	TRUE	TRUE	FALSE	20	NA	NA	NA	pick_Y	NA	
EnhancerFinder_limb_enhancer	TRUE	TRUE	FALSE	20	NA	NA	NA	pick_Y	NA	
Ensembl_Regulatory_Build_feature_type	TRUE	TRUE	FALSE	21	2	;	NA	clean	NA	
Ensembl_Regulatory_Build_ID	FALSE	FALSE	FALSE	21	2	;	NA	NA	Decided to drop for now because do not if there is corresposnde with Ensembl_Regulatory_Build_feature_type for indels	
Ensembl_Regulatory_Build_TFBS	TRUE	TRUE	FALSE	22	6	|	NA	distinct	NA	
Ensembl_Regulatory_Build_TFBS_matrix	FALSE	FALSE	FALSE	22	3	;	NA	NA	NA	
ESP6500_AA_AC	TRUE	TRUE	FALSE	23	NA	NA	NA	NA	NA	.
ESP6500_AA_AF	TRUE	TRUE	FALSE	23	NA	NA	NA	NA	NA	.
ESP6500_AC	TRUE	TRUE	FALSE	23	NA	NA	NA	NA	NA	.
ESP6500_AF	TRUE	TRUE	FALSE	23	NA	NA	NA	NA	NA	.
ESP6500_EA_AC	TRUE	TRUE	FALSE	23	NA	NA	NA	NA	NA	.
ESP6500_EA_AF	TRUE	TRUE	FALSE	23	NA	NA	NA	NA	NA	.
ExAC_AC	TRUE	TRUE	FALSE	24	NA	NA	NA	NA	NA	.
ExAC_Adj_AC	TRUE	TRUE	FALSE	24	NA	NA	NA	NA	NA	.
ExAC_Adj_AF	TRUE	TRUE	FALSE	24	NA	NA	NA	NA	NA	.
ExAC_AF	TRUE	TRUE	FALSE	24	NA	NA	NA	NA	NA	.
ExAC_AFR_AC	TRUE	TRUE	FALSE	24	NA	NA	NA	NA	NA	.
ExAC_AFR_AF	TRUE	TRUE	FALSE	24	NA	NA	NA	NA	NA	.
ExAC_AMR_AC	TRUE	TRUE	FALSE	24	NA	NA	NA	NA	NA	.
ExAC_AMR_AF	TRUE	TRUE	FALSE	24	NA	NA	NA	NA	NA	.
ExAC_EAS_AC	TRUE	TRUE	FALSE	24	NA	NA	NA	NA	NA	.
ExAC_EAS_AF	TRUE	TRUE	FALSE	24	NA	NA	NA	NA	NA	.
ExAC_FIN_AC	TRUE	TRUE	FALSE	24	NA	NA	NA	NA	NA	.
ExAC_FIN_AF	TRUE	TRUE	FALSE	24	NA	NA	NA	NA	NA	.
ExAC_NFE_AC	TRUE	TRUE	FALSE	24	NA	NA	NA	NA	NA	.
ExAC_NFE_AF	TRUE	TRUE	FALSE	24	NA	NA	NA	NA	NA	.
ExAC_nonpsych_AC	TRUE	TRUE	FALSE	24	NA	NA	NA	NA	NA	.
ExAC_nonpsych_Adj_AC	TRUE	TRUE	FALSE	24	NA	NA	NA	NA	NA	.
ExAC_nonpsych_Adj_AF	TRUE	TRUE	FALSE	24	NA	NA	NA	NA	NA	.
ExAC_nonpsych_AF	TRUE	TRUE	FALSE	24	NA	NA	NA	NA	NA	.
ExAC_nonpsych_AFR_AC	TRUE	TRUE	FALSE	24	NA	NA	NA	NA	NA	.
ExAC_nonpsych_AFR_AF	TRUE	TRUE	FALSE	24	NA	NA	NA	NA	NA	.
ExAC_nonpsych_AMR_AC	TRUE	TRUE	FALSE	24	NA	NA	NA	NA	NA	.
ExAC_nonpsych_AMR_AF	TRUE	TRUE	FALSE	24	NA	NA	NA	NA	NA	.
ExAC_nonpsych_EAS_AC	TRUE	TRUE	FALSE	24	NA	NA	NA	NA	NA	.
ExAC_nonpsych_EAS_AF	TRUE	TRUE	FALSE	24	NA	NA	NA	NA	NA	.
ExAC_nonpsych_FIN_AC	TRUE	TRUE	FALSE	24	NA	NA	NA	NA	NA	.
ExAC_nonpsych_FIN_AF	TRUE	TRUE	FALSE	24	NA	NA	NA	NA	NA	.
ExAC_nonpsych_NFE_AC	TRUE	TRUE	FALSE	24	NA	NA	NA	NA	NA	.
ExAC_nonpsych_NFE_AF	TRUE	TRUE	FALSE	24	NA	NA	NA	NA	NA	.
ExAC_nonpsych_SAS_AC	TRUE	TRUE	FALSE	24	NA	NA	NA	NA	NA	.
ExAC_nonpsych_SAS_AF	TRUE	TRUE	FALSE	24	NA	NA	NA	NA	NA	.
ExAC_nonTCGA_AC	TRUE	TRUE	FALSE	24	NA	NA	NA	NA	NA	.
ExAC_nonTCGA_Adj_AC	TRUE	TRUE	FALSE	24	NA	NA	NA	NA	NA	.
ExAC_nonTCGA_Adj_AF	TRUE	TRUE	FALSE	24	NA	NA	NA	NA	NA	.
ExAC_nonTCGA_AF	TRUE	TRUE	FALSE	24	NA	NA	NA	NA	NA	.
ExAC_nonTCGA_AFR_AC	TRUE	TRUE	FALSE	24	NA	NA	NA	NA	NA	.
ExAC_nonTCGA_AFR_AF	TRUE	TRUE	FALSE	24	NA	NA	NA	NA	NA	.
ExAC_nonTCGA_AMR_AC	TRUE	TRUE	FALSE	24	NA	NA	NA	NA	NA	.
ExAC_nonTCGA_AMR_AF	TRUE	TRUE	FALSE	24	NA	NA	NA	NA	NA	.
ExAC_nonTCGA_EAS_AC	TRUE	TRUE	FALSE	24	NA	NA	NA	NA	NA	.
ExAC_nonTCGA_EAS_AF	TRUE	TRUE	FALSE	24	NA	NA	NA	NA	NA	.
ExAC_nonTCGA_FIN_AC	TRUE	TRUE	FALSE	24	NA	NA	NA	NA	NA	.
ExAC_nonTCGA_FIN_AF	TRUE	TRUE	FALSE	24	NA	NA	NA	NA	NA	.
ExAC_nonTCGA_NFE_AC	TRUE	TRUE	FALSE	24	NA	NA	NA	NA	NA	.
ExAC_nonTCGA_NFE_AF	TRUE	TRUE	FALSE	24	NA	NA	NA	NA	NA	.
ExAC_nonTCGA_SAS_AC	TRUE	TRUE	FALSE	24	NA	NA	NA	NA	NA	.
ExAC_nonTCGA_SAS_AF	TRUE	TRUE	FALSE	24	NA	NA	NA	NA	NA	.
ExAC_SAS_AC	TRUE	TRUE	FALSE	24	NA	NA	NA	NA	NA	.
ExAC_SAS_AF	TRUE	TRUE	FALSE	24	NA	NA	NA	NA	NA	.
FANTOM5_CAGE_peak_permissive	TRUE	TRUE	FALSE	25	NA	NA	NA	pick_Y	NA	
FANTOM5_CAGE_peak_robust	TRUE	TRUE	FALSE	25	NA	NA	NA	pick_Y	NA	
FANTOM5_enhancer_differentially_expressed_tissue_cell	FALSE	FALSE	FALSE	25	NA	NA	NA	NA	changed SNV to FALSE b/c previously parsed but not imported to db	
FANTOM5_enhancer_expressed_tissue_cell	FALSE	FALSE	FALSE	25	NA	NA	NA	NA	NA	
FANTOM5_enhancer_permissive	TRUE	TRUE	FALSE	25	NA	NA	NA	pick_Y	NA	
FANTOM5_enhancer_robust	TRUE	TRUE	FALSE	25	NA	NA	NA	pick_Y	NA	
FANTOM5_enhancer_target	FALSE	FALSE	FALSE	25	NA	NA	NA	NA	changed SNV to FALSE b/c previously parsed but not imported to db	
fathmm_MKL_coding_group	FALSE	FALSE	FALSE	26	NA	NA	NA	NA	single value per vairant for SNVs. But indels have mutiple values and correspondence cannot be established with the raw score	
fathmm_MKL_coding_pred	FALSE	FALSE	FALSE	26	NA	NA	NA	NA	can be derived from raw score	
fathmm_MKL_coding_rankscore	FALSE	FALSE	FALSE	26	NA	NA	NA	NA	NA	
fathmm_MKL_coding_score	TRUE	TRUE	FALSE	26	NA	NA	NA	max	NA	.
fathmm_MKL_non_coding_group	FALSE	FALSE	FALSE	26	NA	NA	NA	NA	single value per vairant for SNVs. But indels have mutiple values and correspondence cannot be established with the raw score	
fathmm_MKL_non_coding_pred	FALSE	FALSE	FALSE	26	NA	NA	NA	NA	can be derived from raw score	
fathmm_MKL_non_coding_rankscore	FALSE	FALSE	FALSE	26	NA	NA	NA	NA	NA	
fathmm_MKL_non_coding_score	TRUE	TRUE	FALSE	26	NA	NA	NA	max	NA	.
GenoCanyon_rankscore	FALSE	FALSE	FALSE	27	NA	NA	NA	NA	NA	
GenoCanyon_score	TRUE	TRUE	FALSE	27	NA	NA	NA	max	NA	.
GERP_NR	FALSE	FALSE	FALSE	28	NA	NA	NA	NA	NA	
GERP_RS	TRUE	TRUE	FALSE	28	NA	NA	NA	max	NA	.
GERP_RS_rankscore	FALSE	FALSE	FALSE	28	NA	NA	NA	NA	NA	
GM12878_confidence_value	FALSE	FALSE	FALSE	29a	NA	NA	NA	NA	NA	
GM12878_fitCons_rankscore	FALSE	FALSE	FALSE	29a	NA	NA	NA	NA	NA	
GM12878_fitCons_score	TRUE	TRUE	FALSE	29a	NA	NA	NA	max	NA	.
H1_hESC_confidence_value	FALSE	FALSE	FALSE	29b	NA	NA	NA	NA	NA	
H1_hESC_fitCons_rankscore	FALSE	FALSE	FALSE	29b	NA	NA	NA	NA	NA	
H1_hESC_fitCons_score	TRUE	TRUE	FALSE	29b	NA	NA	NA	max	NA	.
HUVEC_confidence_value	FALSE	FALSE	FALSE	29c	NA	NA	NA	NA	NA	
HUVEC_fitCons_rankscore	FALSE	FALSE	FALSE	29c	NA	NA	NA	NA	NA	
HUVEC_fitCons_score	TRUE	TRUE	FALSE	29c	NA	NA	NA	max	NA	.
integrated_confidence_value	FALSE	FALSE	FALSE	29d	NA	NA	NA	NA	NA	
integrated_fitCons_rankscore	FALSE	FALSE	FALSE	29d	NA	NA	NA	NA	NA	
integrated_fitCons_score	TRUE	TRUE	FALSE	29d	NA	NA	NA	max	NA	.
GMS_paired_end	TRUE	TRUE	FALSE	30	NA	NA	NA	min	NA	.
GMS_single_end	TRUE	TRUE	FALSE	30	NA	NA	NA	min	NA	.
gnomAD_exomes_AC	TRUE	TRUE	FALSE	31	NA	NA	NA	NA	NA	.
gnomAD_exomes_AF	TRUE	TRUE	FALSE	31	NA	NA	NA	NA	NA	.
gnomAD_exomes_AFR_AC	TRUE	TRUE	FALSE	31	NA	NA	NA	NA	NA	.
gnomAD_exomes_AFR_AF	TRUE	TRUE	FALSE	31	NA	NA	NA	NA	NA	.
gnomAD_exomes_AFR_AN	TRUE	TRUE	FALSE	31	NA	NA	NA	NA	NA	.
gnomAD_exomes_AMR_AC	TRUE	TRUE	FALSE	31	NA	NA	NA	NA	NA	.
gnomAD_exomes_AMR_AF	TRUE	TRUE	FALSE	31	NA	NA	NA	NA	NA	.
gnomAD_exomes_AMR_AN	TRUE	TRUE	FALSE	31	NA	NA	NA	NA	NA	.
gnomAD_exomes_AN	TRUE	TRUE	FALSE	31	NA	NA	NA	NA	NA	.
gnomAD_exomes_ASJ_AC	TRUE	TRUE	FALSE	31	NA	NA	NA	NA	NA	.
gnomAD_exomes_ASJ_AF	TRUE	TRUE	FALSE	31	NA	NA	NA	NA	NA	.
gnomAD_exomes_ASJ_AN	TRUE	TRUE	FALSE	31	NA	NA	NA	NA	NA	.
gnomAD_exomes_EAS_AC	TRUE	TRUE	FALSE	31	NA	NA	NA	NA	NA	.
gnomAD_exomes_EAS_AF	TRUE	TRUE	FALSE	31	NA	NA	NA	NA	NA	.
gnomAD_exomes_EAS_AN	TRUE	TRUE	FALSE	31	NA	NA	NA	NA	NA	.
gnomAD_exomes_FIN_AC	TRUE	TRUE	FALSE	31	NA	NA	NA	NA	NA	.
gnomAD_exomes_FIN_AF	TRUE	TRUE	FALSE	31	NA	NA	NA	NA	NA	.
gnomAD_exomes_FIN_AN	TRUE	TRUE	FALSE	31	NA	NA	NA	NA	NA	.
gnomAD_exomes_NFE_AC	TRUE	TRUE	FALSE	31	NA	NA	NA	NA	NA	.
gnomAD_exomes_NFE_AF	TRUE	TRUE	FALSE	31	NA	NA	NA	NA	NA	.
gnomAD_exomes_NFE_AN	TRUE	TRUE	FALSE	31	NA	NA	NA	NA	NA	.
gnomAD_exomes_OTH_AC	TRUE	TRUE	FALSE	31	NA	NA	NA	NA	NA	.
gnomAD_exomes_OTH_AF	TRUE	TRUE	FALSE	31	NA	NA	NA	NA	NA	.
gnomAD_exomes_OTH_AN	TRUE	TRUE	FALSE	31	NA	NA	NA	NA	NA	.
gnomAD_exomes_SAS_AC	TRUE	TRUE	FALSE	31	NA	NA	NA	NA	NA	.
gnomAD_exomes_SAS_AF	TRUE	TRUE	FALSE	31	NA	NA	NA	NA	NA	.
gnomAD_exomes_SAS_AN	TRUE	TRUE	FALSE	31	NA	NA	NA	NA	NA	.
gnomAD_genomes_AC	TRUE	TRUE	FALSE	31	NA	NA	NA	NA	NA	.
gnomAD_genomes_AF	TRUE	TRUE	FALSE	31	NA	NA	NA	NA	NA	.
gnomAD_genomes_AFR_AC	TRUE	TRUE	FALSE	31	NA	NA	NA	NA	NA	.
gnomAD_genomes_AFR_AF	TRUE	TRUE	FALSE	31	NA	NA	NA	NA	NA	.
gnomAD_genomes_AFR_AN	TRUE	TRUE	FALSE	31	NA	NA	NA	NA	NA	.
gnomAD_genomes_AMR_AC	TRUE	TRUE	FALSE	31	NA	NA	NA	NA	NA	.
gnomAD_genomes_AMR_AF	TRUE	TRUE	FALSE	31	NA	NA	NA	NA	NA	.
gnomAD_genomes_AMR_AN	TRUE	TRUE	FALSE	31	NA	NA	NA	NA	NA	.
gnomAD_genomes_AN	TRUE	TRUE	FALSE	31	NA	NA	NA	NA	NA	.
gnomAD_genomes_ASJ_AC	TRUE	TRUE	FALSE	31	NA	NA	NA	NA	NA	.
gnomAD_genomes_ASJ_AF	TRUE	TRUE	FALSE	31	NA	NA	NA	NA	NA	.
gnomAD_genomes_ASJ_AN	TRUE	TRUE	FALSE	31	NA	NA	NA	NA	NA	.
gnomAD_genomes_EAS_AC	TRUE	TRUE	FALSE	31	NA	NA	NA	NA	NA	.
gnomAD_genomes_EAS_AF	TRUE	TRUE	FALSE	31	NA	NA	NA	NA	NA	.
gnomAD_genomes_EAS_AN	TRUE	TRUE	FALSE	31	NA	NA	NA	NA	NA	.
gnomAD_genomes_FIN_AC	TRUE	TRUE	FALSE	31	NA	NA	NA	NA	NA	.
gnomAD_genomes_FIN_AF	TRUE	TRUE	FALSE	31	NA	NA	NA	NA	NA	.
gnomAD_genomes_FIN_AN	TRUE	TRUE	FALSE	31	NA	NA	NA	NA	NA	.
gnomAD_genomes_NFE_AC	TRUE	TRUE	FALSE	31	NA	NA	NA	NA	NA	.
gnomAD_genomes_NFE_AF	TRUE	TRUE	FALSE	31	NA	NA	NA	NA	NA	.
gnomAD_genomes_NFE_AN	TRUE	TRUE	FALSE	31	NA	NA	NA	NA	NA	.
gnomAD_genomes_OTH_AC	TRUE	TRUE	FALSE	31	NA	NA	NA	NA	NA	.
gnomAD_genomes_OTH_AF	TRUE	TRUE	FALSE	31	NA	NA	NA	NA	NA	.
gnomAD_genomes_OTH_AN	TRUE	TRUE	FALSE	31	NA	NA	NA	NA	NA	.
GRASP_ancestry	FALSE	FALSE	FALSE	32	NA	NA	NA	NA	NA	
GRASP_p_value	FALSE	FALSE	FALSE	32	NA	NA	NA	NA	NA	
GRASP_phenotype	FALSE	FALSE	FALSE	32	NA	NA	NA	NA	NA	
GRASP_platform	FALSE	FALSE	FALSE	32	NA	NA	NA	NA	NA	
GRASP_PMID	FALSE	FALSE	FALSE	32	NA	NA	NA	NA	NA	
GRASP_rs	FALSE	FALSE	FALSE	32	NA	NA	NA	NA	NA	
GTEx_V6p_gene	TRUE	TRUE	FALSE	33	4	|	NA	NA	NA	
GTEx_V6p_tissue	TRUE	TRUE	FALSE	33	4	|	NA	NA	NA	
GWAS_catalog_pubmedid	FALSE	FALSE	FALSE	34	NA	NA	NA	NA	changed SNV to FALSE b/c previously parsed but not imported to db	
GWAS_catalog_rs	FALSE	FALSE	FALSE	34	NA	NA	NA	NA	changed SNV to FALSE b/c previously parsed but not imported to db	
GWAS_catalog_trait	FALSE	FALSE	FALSE	34	NA	NA	NA	NA	changed to FALSE b/c previously parsed but not imported to db	
hESC_Topological_Domain	TRUE	TRUE	FALSE	35a	NA	NA	NA	clean	do max_length to make sure there are no very long values	
IMR90_Topological_Domain	TRUE	TRUE	FALSE	35b	NA	NA	NA	clean	do max_length to make sure there are no very long values	
KGP_strict_masked	TRUE	TRUE	FALSE	36	NA	NA	NA	pick_N	NA	
KGP3_AC	TRUE	TRUE	FALSE	36	NA	NA	NA	NA	NA	.
KGP3_AF	TRUE	TRUE	FALSE	36	NA	NA	NA	NA	NA	.
KGP3_AFR_AC	TRUE	TRUE	FALSE	36	NA	NA	NA	NA	NA	.
KGP3_AFR_AF	TRUE	TRUE	FALSE	36	NA	NA	NA	NA	NA	.
KGP3_AMR_AC	TRUE	TRUE	FALSE	36	NA	NA	NA	NA	NA	.
KGP3_AMR_AF	TRUE	TRUE	FALSE	36	NA	NA	NA	NA	NA	.
KGP3_EAS_AC	TRUE	TRUE	FALSE	36	NA	NA	NA	NA	NA	.
KGP3_EAS_AF	TRUE	TRUE	FALSE	36	NA	NA	NA	NA	NA	.
KGP3_EUR_AC	TRUE	TRUE	FALSE	36	NA	NA	NA	NA	NA	.
KGP3_EUR_AF	TRUE	TRUE	FALSE	36	NA	NA	NA	NA	NA	.
KGP3_SAS_AC	TRUE	TRUE	FALSE	36	NA	NA	NA	NA	NA	.
KGP3_SAS_AF	TRUE	TRUE	FALSE	36	NA	NA	NA	NA	NA	.
MAP20	TRUE	TRUE	FALSE	37a	NA	NA	NA	max	NA	.
MAP20_149bp	TRUE	TRUE	FALSE	37b	NA	NA	NA	max	NA	.
MAP35	TRUE	TRUE	FALSE	37a	NA	NA	NA	max	NA	.
MAP35_149bp	FALSE	TRUE	FALSE	37b	NA	NA	NA	max	different field name in snv	.
MAP35_149	TRUE	FALSE	FALSE	37b	NA	NA	NA	max	added b/c different field name in indel	.
ORegAnno_PMID	FALSE	FALSE	FALSE	38	NA	NA	NA	NA	NA	
ORegAnno_type	FALSE	FALSE	FALSE	38	NA	NA	NA	NA	NA	
phastCons100way_vertebrate	TRUE	TRUE	FALSE	39	NA	NA	NA	max	NA	.
phastCons100way_vertebrate_rankscore	FALSE	FALSE	FALSE	39	NA	NA	NA	NA	NA	.
phastCons20way_mammalian	TRUE	TRUE	FALSE	39	NA	NA	NA	max	NA	.
phastCons20way_mammalian_rankscore	FALSE	FALSE	FALSE	39	NA	NA	NA	NA	NA	
phastCons46way_primate	TRUE	TRUE	FALSE	39	NA	NA	NA	max	NA	.
phastCons46way_primate_rankscore	FALSE	FALSE	FALSE	39	NA	NA	NA	NA	NA	
phyloP100way_vertebrate	TRUE	TRUE	FALSE	40	NA	NA	NA	max	NA	.
phyloP100way_vertebrate_rankscore	FALSE	FALSE	FALSE	40	NA	NA	NA	NA	NA	
phyloP20way_mammalian	TRUE	TRUE	FALSE	40	NA	NA	NA	max	NA	.
phyloP20way_mammalian_rankscore	FALSE	FALSE	FALSE	40	NA	NA	NA	NA	NA	
phyloP46way_primate	TRUE	TRUE	FALSE	40	NA	NA	NA	max	NA	.
phyloP46way_primate_rankscore	FALSE	FALSE	FALSE	40	NA	NA	NA	NA	NA	
RegulomeDB_motif	FALSE	FALSE	FALSE	41	NA	NA	NA	NA	NA	
RegulomeDB_score	FALSE	FALSE	FALSE	41	NA	NA	NA	NA	NA	
SIFT4G_AAalt	TRUE	FALSE	FALSE	42	5	|	NA	NA	NA	
SIFT4G_AApos	TRUE	FALSE	FALSE	42	5	|	NA	NA	NA	
SIFT4G_AAref	TRUE	FALSE	FALSE	42	5	|	NA	NA	NA	
SIFT4G_pred	TRUE	FALSE	FALSE	42	5	|	NA	NA	NA	
SIFT4G_score	TRUE	FALSE	FALSE	42	5	|	NA	NA	NA	
SiPhy_29way_logOdds	TRUE	TRUE	FALSE	43	NA	NA	NA	max	NA	.
SiPhy_29way_logOdds_rankscore	FALSE	FALSE	FALSE	43	NA	NA	NA	NA	NA	
sno_miRNA_name	FALSE	FALSE	FALSE	44	NA	NA	NA	NA	NA	
sno_miRNA_type	FALSE	FALSE	FALSE	44	NA	NA	NA	NA	NA	
SnpEff_ensembl_cDNA_position_or_cDNA_len	FALSE	FALSE	FALSE	45	NA	NA	NA	NA	NA	
SnpEff_ensembl_CDS_position_or_CDS_len	FALSE	FALSE	FALSE	45	NA	NA	NA	NA	NA	
SnpEff_ensembl_Distance_to_feature	FALSE	FALSE	FALSE	45	NA	NA	NA	NA	NA	
SnpEff_ensembl_Effect	FALSE	FALSE	FALSE	45	NA	NA	NA	NA	NA	
SnpEff_ensembl_Effect_impact	FALSE	FALSE	FALSE	45	NA	NA	NA	NA	NA	
SnpEff_ensembl_Exon_or_intron_rank_or_total	FALSE	FALSE	FALSE	45	NA	NA	NA	NA	NA	
SnpEff_ensembl_Gene_ID	FALSE	FALSE	FALSE	45	NA	NA	NA	NA	NA	
SnpEff_ensembl_Gene_name	FALSE	FALSE	FALSE	45	NA	NA	NA	NA	NA	
SnpEff_ensembl_HGVSc	FALSE	FALSE	FALSE	45	NA	NA	NA	NA	NA	
SnpEff_ensembl_HGVSp	FALSE	FALSE	FALSE	45	NA	NA	NA	NA	NA	
SnpEff_ensembl_LOF_or_NMD	FALSE	FALSE	FALSE	45	NA	NA	NA	NA	NA	
SnpEff_ensembl_LOF_or_NMD_gene_ID	FALSE	FALSE	FALSE	45	NA	NA	NA	NA	NA	
SnpEff_ensembl_LOF_or_NMD_gene_name	FALSE	FALSE	FALSE	45	NA	NA	NA	NA	NA	
SnpEff_ensembl_LOF_or_NMD_num_transcripts_affected	FALSE	FALSE	FALSE	45	NA	NA	NA	NA	NA	
SnpEff_ensembl_LOF_or_NMD_percent_transcripts_affected	FALSE	FALSE	FALSE	45	NA	NA	NA	NA	NA	
SnpEff_ensembl_Protein_position_or_Protein_len	FALSE	FALSE	FALSE	45	NA	NA	NA	NA	NA	
SnpEff_ensembl_Sequence_feature	FALSE	FALSE	FALSE	45	NA	NA	NA	NA	NA	
SnpEff_ensembl_Sequence_feature_impact	FALSE	FALSE	FALSE	45	NA	NA	NA	NA	NA	
SnpEff_ensembl_summary	FALSE	FALSE	FALSE	45	NA	NA	NA	NA	NA	
SnpEff_ensembl_TF_binding_effect	FALSE	FALSE	FALSE	45	NA	NA	NA	NA	NA	
SnpEff_ensembl_TF_ID	FALSE	FALSE	FALSE	45	NA	NA	NA	NA	NA	
SnpEff_ensembl_TF_name	FALSE	FALSE	FALSE	45	NA	NA	NA	NA	NA	
SnpEff_ensembl_Transcript_biotype	FALSE	FALSE	FALSE	45	NA	NA	NA	NA	NA	
SnpEff_ensembl_Transcript_ID	FALSE	FALSE	FALSE	45	NA	NA	NA	NA	NA	
SnpEff_ensembl_Warnings	FALSE	FALSE	FALSE	45	NA	NA	NA	NA	NA	
SnpEff_refseq_cDNA_position_or_cDNA_len	FALSE	FALSE	FALSE	46	NA	NA	NA	NA	NA	
SnpEff_refseq_CDS_position_or_CDS_len	FALSE	FALSE	FALSE	46	NA	NA	NA	NA	NA	
SnpEff_refseq_Distance_to_feature	FALSE	FALSE	FALSE	46	NA	NA	NA	NA	NA	
SnpEff_refseq_Effect	FALSE	FALSE	FALSE	46	NA	NA	NA	NA	NA	
SnpEff_refseq_Effect_impact	FALSE	FALSE	FALSE	46	NA	NA	NA	NA	NA	
SnpEff_refseq_Exon_or_intron_rank_or_total	FALSE	FALSE	FALSE	46	NA	NA	NA	NA	NA	
SnpEff_refseq_Gene_ID	FALSE	FALSE	FALSE	46	NA	NA	NA	NA	NA	
SnpEff_refseq_Gene_name	FALSE	FALSE	FALSE	46	NA	NA	NA	NA	NA	
SnpEff_refseq_HGVSc	FALSE	FALSE	FALSE	46	NA	NA	NA	NA	NA	
SnpEff_refseq_HGVSp	FALSE	FALSE	FALSE	46	NA	NA	NA	NA	NA	
SnpEff_refseq_LOF_or_NMD	FALSE	FALSE	FALSE	46	NA	NA	NA	NA	NA	
SnpEff_refseq_LOF_or_NMD_gene_ID	FALSE	FALSE	FALSE	46	NA	NA	NA	NA	NA	
SnpEff_refseq_LOF_or_NMD_gene_name	FALSE	FALSE	FALSE	46	NA	NA	NA	NA	NA	
SnpEff_refseq_LOF_or_NMD_num_transcripts_affected	FALSE	FALSE	FALSE	46	NA	NA	NA	NA	NA	
SnpEff_refseq_LOF_or_NMD_percent_transcripts_affected	FALSE	FALSE	FALSE	46	NA	NA	NA	NA	NA	
SnpEff_refseq_Protein_position_or_Protein_len	FALSE	FALSE	FALSE	46	NA	NA	NA	NA	NA	
SnpEff_refseq_Sequence_feature	FALSE	FALSE	FALSE	46	NA	NA	NA	NA	NA	
SnpEff_refseq_Sequence_feature_impact	FALSE	FALSE	FALSE	46	NA	NA	NA	NA	NA	
SnpEff_refseq_summary	FALSE	FALSE	FALSE	46	NA	NA	NA	NA	NA	
SnpEff_refseq_TF_binding_effect	FALSE	FALSE	FALSE	46	NA	NA	NA	NA	NA	
SnpEff_refseq_TF_ID	FALSE	FALSE	FALSE	46	NA	NA	NA	NA	NA	
SnpEff_refseq_TF_name	FALSE	FALSE	FALSE	46	NA	NA	NA	NA	NA	
SnpEff_refseq_Transcript_biotype	FALSE	FALSE	FALSE	46	NA	NA	NA	NA	NA	
SnpEff_refseq_Transcript_ID	FALSE	FALSE	FALSE	46	NA	NA	NA	NA	NA	
SnpEff_refseq_Warnings	FALSE	FALSE	FALSE	46	NA	NA	NA	NA	NA	
splicing_consensus_ada_score	TRUE	TRUE	FALSE	47	NA	NA	NA	max	NA	.
splicing_consensus_rf_score	TRUE	TRUE	FALSE	47	NA	NA	NA	max	NA	.
SuperEnhancer_Gene_symbol	FALSE	FALSE	FALSE	48	NA	NA	NA	NA	NA	
SuperEnhancer_RefSeq_id	FALSE	FALSE	FALSE	48	NA	NA	NA	NA	NA	
SuperEnhancer_tissue_cell	FALSE	FALSE	FALSE	48	NA	NA	NA	NA	NA	
ENCODE_annotated	FALSE	FALSE	FALSE	49a	NA	NA	NA	NA	NA	
funseq_noncoding_score	FALSE	FALSE	FALSE	49a	NA	NA	NA	NA	NA	
funseq2_noncoding_rankscore	FALSE	FALSE	FALSE	49b	NA	NA	NA	NA	NA	
funseq2_noncoding_score	FALSE	FALSE	FALSE	49b	NA	NA	NA	NA	NA	
network_hub	FALSE	FALSE	FALSE	49a	NA	NA	NA	NA	NA	
sensitive	FALSE	FALSE	FALSE	49a	NA	NA	NA	NA	NA	
target_gene	FALSE	FALSE	FALSE	49a	NA	NA	NA	NA	NA	
ultra_sensitive	FALSE	FALSE	FALSE	49a	NA	NA	NA	NA	NA	
TWINSUK_AC	TRUE	TRUE	FALSE	50	NA	NA	NA	NA	NA	.
TWINSUK_AF	TRUE	TRUE	FALSE	50	NA	NA	NA	NA	NA	.
TWINSUK_AN	TRUE	TRUE	FALSE	50	NA	NA	NA	NA	NA	.
UK10K_AC	TRUE	TRUE	FALSE	51	NA	NA	NA	NA	NA	.
UK10K_AF	TRUE	TRUE	FALSE	51	NA	NA	NA	NA	NA	.
UK10K_AN	TRUE	TRUE	FALSE	51	NA	NA	NA	NA	NA	.
unique_variant	FALSE	FALSE	FALSE	52	NA	NA	NA	NA	NA	
VEP_ensembl_Amino_Acid_Change	TRUE	TRUE	FALSE	52	5	|	NA	NA	NA	
VEP_ensembl_CANONICAL	TRUE	TRUE	FALSE	52	5	|	NA	NA	NA	
VEP_ensembl_CCDS	TRUE	TRUE	FALSE	52	5	|	NA	NA	NA	
VEP_ensembl_cDNA_position	TRUE	TRUE	FALSE	52	5	|	NA	NA	NA	
VEP_ensembl_CDS_position	TRUE	TRUE	FALSE	52	5	|	NA	NA	NA	
VEP_ensembl_Codon_Change_or_Distance	TRUE	TRUE	FALSE	52	5	|	NA	NA	NA	
VEP_ensembl_Consequence	TRUE	TRUE	FALSE	52	5	|	NA	NA	NA	
VEP_ensembl_Exon_or_Intron_Rank	TRUE	TRUE	FALSE	52	5	|	NA	NA	NA	
VEP_ensembl_Gene_ID	TRUE	TRUE	FALSE	52	5	|	NA	NA	NA	
VEP_ensembl_Gene_Name	TRUE	TRUE	FALSE	52	5	|	NA	NA	NA	
VEP_ensembl_HGVSc	TRUE	TRUE	FALSE	52	5	|	NA	NA	NA	
VEP_ensembl_HGVSp	TRUE	TRUE	FALSE	52	5	|	NA	NA	NA	
VEP_ensembl_LoF	TRUE	TRUE	FALSE	52	5	|	NA	NA	NA	
VEP_ensembl_LoF_filter	TRUE	TRUE	FALSE	52	5	|	NA	NA	NA	
VEP_ensembl_LoF_flags	TRUE	TRUE	FALSE	52	5	|	NA	NA	NA	
VEP_ensembl_LoF_info	TRUE	TRUE	FALSE	52	5	|	NA	NA	NA	
VEP_ensembl_precedent_consequence	FALSE	FALSE	FALSE	52	NA	NA	NA	NA	NA	
VEP_ensembl_precedent_gene	FALSE	FALSE	FALSE	52	NA	NA	NA	NA	NA	
VEP_ensembl_precedent_transcript_consequence	FALSE	FALSE	FALSE	52	NA	NA	NA	NA	NA	
VEP_ensembl_Protein_ID	TRUE	TRUE	FALSE	52	5	|	NA	NA	NA	
VEP_ensembl_Protein_position	TRUE	TRUE	FALSE	52	5	|	NA	NA	NA	
VEP_ensembl_STRAND	TRUE	TRUE	FALSE	52	5	|	NA	NA	NA	
VEP_ensembl_summary	FALSE	FALSE	FALSE	52	NA	NA	NA	NA	NA	
VEP_ensembl_SWISSPROT	TRUE	TRUE	FALSE	52	5	|	NA	NA	NA	
VEP_ensembl_Transcript_ID	TRUE	TRUE	FALSE	52	5	|	NA	NA	NA	
VEP_refseq_Amino_Acid_Change	FALSE	FALSE	FALSE	53	NA	NA	NA	NA	NA	
VEP_refseq_CANONICAL	FALSE	FALSE	FALSE	53	NA	NA	NA	NA	NA	
VEP_refseq_cDNA_position	FALSE	FALSE	FALSE	53	NA	NA	NA	NA	NA	
VEP_refseq_CDS_position	FALSE	FALSE	FALSE	53	NA	NA	NA	NA	NA	
VEP_refseq_Codon_Change_or_Distance	FALSE	FALSE	FALSE	53	NA	NA	NA	NA	NA	
VEP_refseq_Consequence	FALSE	FALSE	FALSE	53	NA	NA	NA	NA	NA	
VEP_refseq_Exon_or_Intron_Rank	FALSE	FALSE	FALSE	53	NA	NA	NA	NA	NA	
VEP_refseq_Gene_ID	FALSE	FALSE	FALSE	53	NA	NA	NA	NA	NA	
VEP_refseq_Gene_Name	FALSE	FALSE	FALSE	53	NA	NA	NA	NA	NA	
VEP_refseq_HGVSc	FALSE	FALSE	FALSE	53	NA	NA	NA	NA	NA	
VEP_refseq_HGVSp	FALSE	FALSE	FALSE	53	NA	NA	NA	NA	NA	
VEP_refseq_LoF	FALSE	FALSE	FALSE	53	NA	NA	NA	NA	NA	
VEP_refseq_LoF_filter	FALSE	FALSE	FALSE	53	NA	NA	NA	NA	NA	
VEP_refseq_LoF_flags	FALSE	FALSE	FALSE	53	NA	NA	NA	NA	NA	
VEP_refseq_LoF_info	FALSE	FALSE	FALSE	53	NA	NA	NA	NA	NA	
VEP_refseq_Protein_ID(ENSP)	FALSE	FALSE	FALSE	53	NA	NA	NA	NA	indel variable name VEP_refseq_Protein_ID	
VEP_refseq_Protein_position	FALSE	FALSE	FALSE	53	NA	NA	NA	NA	NA	
VEP_refseq_STRAND	FALSE	FALSE	FALSE	53	NA	NA	NA	NA	NA	
VEP_refseq_summary	FALSE	FALSE	FALSE	53	NA	NA	NA	NA	NA	
VEP_refseq_Transcript_ID	FALSE	FALSE	FALSE	53	NA	NA	NA	NA	NA	
VEP_refseq_Protein_ID	FALSE	FALSE	FALSE	53	NA	NA	NA	NA	added b/c different field name in indel	
ALSPAC_AC	TRUE	TRUE	FALSE	54	NA	NA	NA	NA	NA	.
ALSPAC_AF	TRUE	TRUE	FALSE	54	NA	NA	NA	NA	NA	.
ALSPAC_AN	TRUE	TRUE	FALSE	54	NA	NA	NA	NA	NA	.
Ensembl_geneid	FALSE	FALSE	TRUE	55	1	|	NA	NA	NA	
Ensembl_proteinid	FALSE	FALSE	FALSE	55	1	|	NA	NA	changed dbnsfp to FALSE b/c previously parsed but not imported to db	
Ensembl_transcriptid	FALSE	FALSE	FALSE	55	1	|	NA	NA	changed dbnsfp to FALSE b/c previously parsed but not imported to db	
aaalt	FALSE	FALSE	TRUE	55	1	|	NA	NA	NA	
aapos	FALSE	FALSE	TRUE	55	1	|	NA	NA	NA	
aaref	FALSE	FALSE	TRUE	55	1	|	NA	NA	NA	
cds_strand	FALSE	FALSE	TRUE	55	1	|	NA	NA	NA	
codonpos	FALSE	FALSE	TRUE	55	1	|	NA	NA	NA	
genename	FALSE	FALSE	TRUE	55	1	|	NA	NA	NA	
refcodon	FALSE	FALSE	TRUE	55	1	|	NA	NA	NA	
codon_degeneracy	FALSE	FALSE	TRUE	55	1	|	NA	NA	NA	
TargetScan_context_pp_score_percentile	FALSE	FALSE	FALSE	56	NA	NA	NA	NA	NA	
UTR3_miRNA_target	FALSE	FALSE	FALSE	56	NA	NA	NA	NA	NA	
ALT	TRUE	TRUE	TRUE	57	NA	NA	NA	NA	NA	
alt_hg19	TRUE	TRUE	TRUE	57	NA	NA	NA	NA	NA	
chr_hg19	TRUE	TRUE	TRUE	57	NA	NA	NA	NA	NA	
CHROM	TRUE	TRUE	TRUE	57	NA	NA	NA	NA	NA	
FILTER	TRUE	TRUE	TRUE	57	NA	NA	NA	NA	NA	
POS	TRUE	TRUE	TRUE	57	NA	NA	NA	NA	NA	
pos_hg19	TRUE	TRUE	TRUE	57	NA	NA	NA	NA	NA	.
REF	TRUE	TRUE	TRUE	57	NA	NA	NA	NA	NA	
ref_hg19	TRUE	TRUE	TRUE	57	NA	NA	NA	NA	NA	
ref_hg19_equals_ref_hg38	TRUE	TRUE	TRUE	57	NA	NA	NA	NA	NA	
SIFT_converted_rankscore	FALSE	FALSE	FALSE	58	1	|	NA	NA	NA	
SIFT_pred	FALSE	FALSE	FALSE	58	1	|	NA	NA	NA	
SIFT_score	FALSE	FALSE	FALSE	58	1	|	NA	NA	NA	
ANNOVAR_refseq_Closest_gene	FALSE	FALSE	FALSE	59	NA	NA	NA	NA	NA	
ANNOVAR_refseq_Effect	FALSE	FALSE	FALSE	59	NA	NA	NA	NA	NA	
ANNOVAR_refseq_Exon_Rank	FALSE	FALSE	FALSE	59	NA	NA	NA	NA	NA	
ANNOVAR_refseq_Gene_ID	FALSE	FALSE	FALSE	59	NA	NA	NA	NA	NA	
ANNOVAR_refseq_HGVSc	FALSE	FALSE	FALSE	59	NA	NA	NA	NA	NA	
ANNOVAR_refseq_HGVSp	FALSE	FALSE	FALSE	59	NA	NA	NA	NA	NA	
ANNOVAR_refseq_summary	FALSE	FALSE	FALSE	59	NA	NA	NA	NA	NA	
ANNOVAR_refseq_Transcript_ID	FALSE	FALSE	FALSE	59	NA	NA	NA	NA	NA	
ANNOVAR_ucsc_Closest_gene	FALSE	FALSE	FALSE	60	NA	NA	NA	NA	NA	
ANNOVAR_ucsc_Effect	FALSE	FALSE	FALSE	60	NA	NA	NA	NA	NA	
ANNOVAR_ucsc_Exon_Rank	FALSE	FALSE	FALSE	60	NA	NA	NA	NA	NA	
ANNOVAR_ucsc_Gene_ID	FALSE	FALSE	FALSE	60	NA	NA	NA	NA	NA	
ANNOVAR_ucsc_HGVSc	FALSE	FALSE	FALSE	60	NA	NA	NA	NA	NA	
ANNOVAR_ucsc_HGVSp	FALSE	FALSE	FALSE	60	NA	NA	NA	NA	NA	
ANNOVAR_ucsc_summary	FALSE	FALSE	FALSE	60	NA	NA	NA	NA	NA	
ANNOVAR_ucsc_Transcript_ID	FALSE	FALSE	FALSE	60	NA	NA	NA	NA	NA	
AltaiNeandertal_genotypes	FALSE	FALSE	FALSE	NA	NA	NA	NA	NA	changed SNV to FALSE b/c previously parsed but not imported to db	
Ancestral_allele	FALSE	FALSE	FALSE	NA	NA	NA	NA	NA	changed SNV to FALSE b/c previously parsed but not imported to db	
Denisova_genotypes	FALSE	FALSE	FALSE	NA	NA	NA	NA	NA	changed SNV to FALSE b/c previously parsed but not imported to db	
Motif_breaking	FALSE	FALSE	FALSE	NA	NA	NA	NA	NA	NA	
RepeatMasker_masked	TRUE	TRUE	FALSE	NA	NA	NA	NA	pick_Y	NA	
rs_dbSNP150	TRUE	TRUE	TRUE	NA	NA	NA	NA	NA	NA	
VindijiaNeandertal_genotypes	FALSE	FALSE	FALSE	NA	NA	NA	NA	NA	changed SNV to FALSE b/c previously parsed but not imported to db	
focal_snv_number	FALSE	TRUE	FALSE	NA	NA	NA	NA	NA	NA	
indel_focal_length	FALSE	TRUE	FALSE	NA	NA	NA	NA	NA	NA	